{
      "quadcopter": {
            "C1": 0.04076521,
            "C2": 380.8359,
            "CT": 1.285e-8,
            "CD": 7.645e-11,
            "d": 0.032526911,
            "Ix": 1.657171e-5,
            "Iy": 1.6655602e-5,
            "Iz": 2.9261652e-5,
            "m": 0.028,
            "g": 9.81,
            "PWM_max": 65535.0,
            "h": 0.01,
            "K": [
                  [-9.1785e-7, 0, 0],
                  [0, -9.1785e-7, 0],
                  [0, 0, -10.311e-7]
                 ]
      },

      "normalize": [52428, 400, 400, 1000],

      "pid_rates_crazyflie": {
            "p" : [250, 250, 120],
            "i" : [500, 500, 16.7],
            "d" : [0, 0, 0]
      },

      "pid_rates_better":{
            "p" : [1000, 1000, 2000],
            "i" : [400, 400, 1000],
            "d" : [40, 40, 100]
      },

      "pid_thrust_main": {
            "p": 3000,
            "i": 300,
            "d": 500,
            "thrust_eq": 48500
      },

      "pid_thrust_original": {
            "p": 50000,
            "i": 30000,
            "d": 0,
            "thrust_eq": 36000
      },

      "rl_controller": {
            
      },

      "env": {
            "angle_max": 3.142,
            "angular_rate_max": 15.0,
            "speed_max": 30.0,
            "pid_z": [3000.0, 300.0, 2000.0],
            "query_max": 0.5,
            "query_duration_max": 1.0
      }
}
